,mean_train_auto_mse,mean_val_auto_mse,mean_train_auto_mae,mean_val_auto_mae,mean_train_loss,mean_val_loss,mean_train_mse,mean_val_mse,mean_train_mae,mean_val_mae
simple_nn 16 5 0.0003 0.0 0.01 50 0.1,41.00271415710449,142.4484405517578,2.0129122734069824,6.628471732139587,17.01082420349121,60.347450256347656,8.468603730201721,101.89619255065918,2.1870235800743103,6.22763991355896
simple_nn 16 5 0.0002 0.0 0.01 50 0.1,46.09458255767822,129.45496368408203,1.9045943319797516,6.138982176780701,19.713878631591797,63.211318016052246,12.456849813461304,94.44291114807129,2.6796886920928955,6.30806303024292
simple_nn 16 5 0.0003 0.0 0.01 50 0.2,47.274786949157715,123.35944366455078,2.6045355200767517,6.149954199790955,17.16502094268799,50.69682502746582,10.02073621749878,91.21372985839844,2.3979513347148895,6.388341069221497
simple_nn 16 3 0.0003 0.0 0.01 50 0.2,47.55887699127197,126.89705657958984,2.5911201536655426,6.035852015018463,11.715719938278198,45.9909143447876,10.59428358078003,100.26245975494385,2.4288485646247864,6.262550711631775
simple_nn 16 3 0.0003 0.0 0.01 50 0.1,47.94832992553711,144.08757781982422,2.593485951423645,6.64680540561676,11.35843801498413,41.9521222114563,12.157928705215454,105.12268257141113,2.518734872341156,6.5111610889434814
simple_nn 16 3 0.0002 0.0 0.01 50 0.2,47.95506477355957,149.30394172668457,2.1631343960762024,6.69123113155365,12.91559386253357,70.80623435974121,8.793010592460632,106.95156574249268,2.323268473148346,6.467115759849548
simple_nn 16 3 0.0002 0.0 0.01 50 0.1,49.87904930114746,134.76604461669922,2.188775420188904,6.542596340179443,13.234114170074463,57.709442138671875,12.285837173461914,92.74923515319824,2.6205477714538574,6.4554373025894165
simple_nn 16 5 0.0002 0.0 0.01 50 0.2,50.75150108337402,127.53861427307129,2.4607971906661987,6.281510233879089,19.650327682495117,60.50240898132324,11.353934049606323,87.11286973953247,2.6459575295448303,6.131307244300842
simple_nn 16 5 0.0003 0.0 0.01 50 0.3,53.26132678985596,135.88554573059082,3.2157726287841797,6.702059984207153,16.54819393157959,56.60715579986572,10.933085203170776,103.54447174072266,2.486177384853363,6.645117998123169
simple_nn 16 3 0.0003 0.0 0.01 50 0.3,53.44887828826904,138.13393592834473,3.1115704774856567,6.5690566301345825,12.595047235488892,41.199010372161865,15.68375301361084,94.85853672027588,2.9092878103256226,6.125017404556274
