,mean_train_auto_mse,mean_val_auto_mse,mean_train_auto_mae,mean_val_auto_mae,mean_train_loss,mean_val_loss,mean_train_mse,mean_val_mse,mean_train_mae,mean_val_mae
simple_nn 16 5 0.0001 0.0 0.01 50 0.1,52.999616622924805,122.53312301635742,1.0859144032001495,5.87286102771759,23.26797580718994,74.02370929718018,15.484319686889648,82.1167802810669,2.859195053577423,6.547131538391113
simple_nn 16 5 0.0001 0.0 0.01 300 0.1,95.11625862121582,185.49993896484375,1.120572566986084,6.298308730125427,27.066373825073242,87.05366611480713,12.301391959190369,87.09117317199707,2.4884978234767914,6.227713108062744
simple_nn 16 3 0.0002 0.0 0.01 150 0.1,56.51419544219971,127.7531795501709,1.1432559490203857,5.599706411361694,12.806843757629395,67.06558990478516,3.836277484893799,76.45596408843994,1.495067447423935,5.686192870140076
simple_nn 16 5 0.0001 0.0 0.01 450 0.1,127.73834228515625,202.2441291809082,1.1521217823028564,5.857137322425842,25.335457801818848,77.04575729370117,6.154407739639282,86.63054084777832,1.9351203441619873,6.171434640884399
simple_nn 16 3 0.0002 0.0 0.01 50 0.1,38.85263633728027,118.04493522644043,1.1736195087432861,6.1807541847229,11.425188541412354,58.436349391937256,5.65570330619812,83.91642761230469,1.84030881524086,6.284547209739685
simple_nn 16 5 0.0002 0.0 0.01 50 0.1,39.76483154296875,117.79973030090332,1.1845736801624298,6.080935597419739,17.00899839401245,60.31026840209961,8.533280909061432,76.71955490112305,2.0147884488105774,5.816480040550232
simple_nn 16 3 0.0001 0.0 0.01 50 0.1,53.632065773010254,125.7921142578125,1.2075464129447937,6.007822275161743,18.14825701713562,66.3007698059082,15.114100098609924,79.36496353149414,2.871017724275589,6.307067036628723
simple_nn 16 3 0.0001 0.0 0.01 450 0.1,127.83000373840332,220.82854461669922,1.233193278312683,6.753037452697754,19.85292959213257,100.04633045196533,7.9396345019340515,112.16480255126953,2.1328844726085663,7.128553867340088
simple_nn 16 3 0.0002 0.0 0.01 300 0.1,95.5803165435791,172.04409980773926,1.2468236088752747,5.92755126953125,16.423933267593384,65.5385856628418,4.8148744106292725,75.65096473693848,1.7129433155059814,5.815378427505493
simple_nn 16 5 0.0001 0.0 0.01 150 0.1,67.02119255065918,152.37080001831055,1.258806437253952,6.434033393859863,24.96003246307373,92.0163631439209,13.185827016830444,110.67657470703125,2.6619352996349335,7.03018045425415
